12,,,"النطاق الجنوبي","الجمعية الصفراء",https://rayan.sahatvs.com/review/hbyb,5000,21.426557,39.858584,"2025-06-04 09:10:26"
11,,,"النطاق الجنوبي","الجمعية الصفراء",https://rayan.sahatvs.com/review/h,5000,30.081256,31.251190,"2025-06-02 09:02:02"
3,,,"النطاق الجنوبي","الجمعية الصفراء",https://rayan.sahatvs.com/review/point-a,60000,20.044400,21.235700,"2025-05-19 19:27:01"
4,,,"النطاق الجنوبي",جمعية10,https://rayan.sahatvs.com/review/point-b,60000,28.044400,29.235700,"2025-05-19 19:27:01"
5,,,"النطاق الجنوبي","الجمعية الصفراء",https://rayan.sahatvs.com/review/point-c,60000,30.022400,32.235700,"2025-05-19 19:27:01"
6,,,"النطاق المركزي","الجمعية الخضراء",https://rayan.sahatvs.com/review/point-a,60000,30.044888,31.999700,"2025-05-19 19:27:01"
7,,,"النطاق المركزي","الجمعية الخضراء",https://rayan.sahatvs.com/review/point-b,60000,30.041500,31.288800,"2025-05-19 19:27:01"
8,,,"النطاق المركزي","الجمعية الصفراء",https://rayan.sahatvs.com/review/point-c,60000,30.010400,31.005700,"2025-05-19 19:27:01"
2,,,النطاق1,"الجمعية الصفراء",https://rayan.sahatvs.com/review/point2,60000,50.000000,100.000000,"2025-05-19 12:32:49"
1,,,النطاق1,جمعية10,https://rayan.sahatvs.com/review/point1,60000,1000.000000,120.000000,"2025-05-18 21:53:20"
