54,"ahmed habib","الجمعية الخضراء",حبيب,deposit,10,high,30.162226,31.565645,"05 Jun 2025 08:02:07"
53,ahmed.habib,جمعية10,"نقطة B",deposit,10,high,,,"04 Jun 2025 12:41:56"
52,ahmed.habib,جمعية10,"نقطة B",deposit,10,high,,,"04 Jun 2025 12:41:02"
51,ahmed.habib,جمعية10,"نقطة B",deposit,10,high,,,"04 Jun 2025 12:39:04"
50,ahmed.habib,جمعية10,"نقطة B",deposit,10,high,,,"04 Jun 2025 12:35:04"
49,ahmed.habib,"الجمعية الصفراء","نقطة C",deposit,10,high,,,"03 Jun 2025 17:51:10"
47,ahmed.habib,"الجمعية الصفراء","نقطة C",deposit,500,high,,,"03 Jun 2025 15:51:54"
44,ahmed.habib,"الجمعية الصفراء","نقطة C",exchange,5,low,,,"03 Jun 2025 15:13:14"
43,,"الجمعية الصفراء","نقطة C",deposit,10,medium,,,"03 Jun 2025 14:16:13"
3,"Distributor User","الجمعية الصفراء","نقطة A",exchange,40,medium,30.044400,31.235700,"26 May 2025 23:10:58"
4,ahmed.habib,جمعية10,"نقطة 6",deposit,50,medium,174.500000,12.500000,"25 May 2025 00:00:00"
5,ahmed.habib,جمعية10,"نقطة 6",deposit,50,medium,174.500000,12.500000,"24 May 2025 14:39:09"
42,"Admin Supervisor",,النقطة1,exchange,2147483647,medium,174.500000,12.500000,"21 May 2025 23:54:46"
41,"Admin Supervisor",,النقطة1,deposit,65535,medium,174.500000,12.500000,"21 May 2025 23:41:29"
40,"Distributor User","الجمعية الصفراء","نقطة A",deposit,10,medium,174.500000,12.500000,"21 May 2025 23:40:51"
39,ahmed.habib,جمعية10,النقطة1,deposit,1000,high,10.000000,12.000000,"21 May 2025 23:22:54"
38,ahmed.habib,"الجمعية الصفراء",النقطة1,deposit,3300,low,10.000000,10.000000,"21 May 2025 12:48:13"
13,ahmed.habib,جمعية10,النقطة1,deposit,50,high,174.500000,12.500000,"19 May 2025 00:55:48"
12,ahmed.habib,جمعية10,النقطة1,deposit,3200,medium,174.500000,12.500000,"19 May 2025 00:55:39"
9,ahmed.habib,جمعية10,النقطة1,deposit,200,high,20.000000,55.000000,"19 May 2025 00:47:15"
8,ahmed.habib,جمعية10,النقطة1,deposit,50,low,174.500000,12.500000,"18 May 2025 23:14:13"
7,ahmed.habib,جمعية10,النقطة1,deposit,50,medium,174.500000,12.500000,"18 May 2025 23:14:00"
6,ahmed.habib,جمعية10,النقطة1,deposit,50,medium,174.500000,12.500000,"18 May 2025 23:13:21"
